Línea ATM,LINEA SISTAU,LM_ID,Línea SUBE,Empresa,CUIT,,Jurisdicción,Grupo tarifario,Grupo Empresario,Observación,codlin,parque
L159,159,126,LINEA 159,MICRO OMNIBUS QUILMES S.A.C.I. Y F.,30522762179,TRUE,JN,S.G.I.,MOQSA,,01010001590,L159
L219,219,289,LINEA 219,MICRO OMNIBUS QUILMES S.A.C.I. Y F.,30522762179,TRUE,PROV,U.P.A.,MOQSA,,06010002190,L219
L300,300,291,LINEA 300,MICRO OMNIBUS QUILMES S.A.C.I. Y F.,30522762179,TRUE,PROV,U.P.A.,MOQSA,,06010003000,L300
L372,372,290,LINEA 372,MICRO OMNIBUS QUILMES S.A.C.I. Y F.,30522762179,TRUE,PROV,U.P.A.,MOQSA,,06010003720,L372
L584QUI,QU584,288,LINEA 584,MICRO OMNIBUS QUILMES S.A.C.I. Y F.,30522762179,TRUE,QUILMES,U.M.A.1.,MOQSA,,06016585840,L584QUI
L603BER,BE603,292,LINEA 603,MICRO OMNIBUS QUILMES S.A.C.I. Y F.,30522762179,TRUE,BERAZATEGUI,U.M.A.1.,MOQSA,,06010916030,L603BER
L619BER,BE619,293,LINEA 619,MICRO OMNIBUS QUILMES S.A.C.I. Y F.,30522762179,FALSE,BERAZATEGUI,U.M.A.1.,MOQSA,,06010916190,L619BER
L051,51,149,LINEA 51,SAN VICENTE S.A. DE TRANSPORTES,30545637045,TRUE,JN,S.G.I.,SAN VICENTE,,01010000510,L051
L074,74,152,LINEA 74,SAN VICENTE S.A. DE TRANSPORTES,30545637045,TRUE,JN,S.G.I.,SAN VICENTE,,01010000740,L074
L079,79,153,LINEA 79,SAN VICENTE S.A. DE TRANSPORTES,30545637045,TRUE,JN,S.G.I.,SAN VICENTE,,01010000790,L079
L177,177,172,LINEA 177,SAN VICENTE S.A. DE TRANSPORTES,30545637045,TRUE,JN,S.G.I.,SAN VICENTE,,01010001770,L177
L263A,263A,373,LINEA 263B,SAN VICENTE S.A. DE TRANSPORTES,30545637045,TRUE,PROV,U.P.A.,SAN VICENTE,Letra de línea invertida en SUBE,06010002631,L263A
L370,370,215,LINEA 370,SAN VICENTE S.A. DE TRANSPORTES,30545637045,TRUE,PROV,U.P.A.,SAN VICENTE,,06010003700,L370
L385,385,304,LINEA 385,SAN VICENTE S.A. DE TRANSPORTES,30545637045,TRUE,PROV,U.P.A.,SAN VICENTE,,06010003850,L385
L388,388,306,LINEA 388,SAN VICENTE S.A. DE TRANSPORTES,30545637045,TRUE,PROV,U.P.A.M,SAN VICENTE,,06010003880,L388
L403,403,305,LINEA 403,SAN VICENTE S.A. DE TRANSPORTES,30545637045,TRUE,PROV,U.P.A.,SAN VICENTE,,06010004030,L403
L435,435,307,LINEA 435,SAN VICENTE S.A. DE TRANSPORTES,30545637045,TRUE,PROV,U.P.A.,SAN VICENTE,,06010004350,L435
L503SVI,SV503,363,LINEA 503C,SAN VICENTE S.A. DE TRANSPORTES,30545637045,FALSE,SAN VICENTE,U.M.A.2.,SAN VICENTE,,06017785030,L503SVI
L275,275,258,LINEA 275,FUERTE BARRAGAN S.A.T.I.C.I.,30545666592,TRUE,PROV,U.P.A.,EX Quilmes,,06010002750,L275
L506LPL,LP506,848,LINEA 506F,FUERTE BARRAGAN S.A.T.I.C.I.,30545666592,FALSE,LA PLATA,U.M.A.2.,EX Quilmes,,06014415060,L506LPL
L090,90,622,LINEA 90,M.O.D.O. S.A. DE TRANSPORTE AUTOMOTOR,30545775782,TRUE,JN,D.F.,Nueva Metropol,,01010000900,L090
L151,151,47,LINEA 151,M.O.D.O. S.A. DE TRANSPORTE AUTOMOTOR,30545775782,FALSE,JN,D.F.,Nueva Metropol,,01010001510,L151
L100,100,75,LINEA 100,TRANSPORTES AUTOMOTORES RIACHUELO S.A.,30545775855,TRUE,JN,S.G.I.,DOTA,,01010001000,L100
L115,115,46,LINEA 115,TRANSPORTES AUTOMOTORES RIACHUELO S.A.,30545775855,TRUE,JN,D.F.,DOTA,,01010001150,L115
L134,134,79,LINEA 134,TRANSPORTES AUTOMOTORES RIACHUELO S.A.,30545775855,TRUE,JN,S.G.I.,DOTA,,01010001340,L134
L446,446,402,LINEA 446,TRANSPORTES AUTOMOTORES RIACHUELO S.A.,30545775855,FALSE,PROV,U.P.A.,DOTA,,06010004460,L446
L326,326,385,LINEA 326,COMPAÑIA  DE TRANSPORTE VECINAL S.A.,30546223228,TRUE,PROV,U.P.A.,Nueva Metropol,,06010003260,L326
L386,386,634,LINEA 386,COMPAÑIA  DE TRANSPORTE VECINAL S.A.,30546223228,FALSE,PROV,U.P.A.,Nueva Metropol,,06010003860,L386
L176,176,135,LINEA 176,EXPRESO GENERAL SARMIENTO S.A.,30546223465,TRUE,JN,S.G.I.,Nueva Metropol,,01010001760,L176
L448,448,397,LINEA 448,EXPRESO GENERAL SARMIENTO S.A.,30546223465,FALSE,PROV,U.P.A.,Nueva Metropol,,06010004480,L448
L098,98,119,LINEA 98,EXPRESO QUILMES S.A.,30546223910,FALSE,JN,S.G.I.,EX Quilmes,,01010000980,L098
L172,172,134,LINEA 172,LA CABAÑA S.A.,30546224380,TRUE,JN,S.G.I.,La Cabaña,,01010001720,L172
L174,174,916,LINEA 174 BS AS,LA CABAÑA S.A.,30546224380,TRUE,JN,S.G.I.,La Cabaña,,01010001740,L174
L242,242,389,LINEA 242,LA CABAÑA S.A.,30546224380,TRUE,PROV,U.P.A.,La Cabaña,,06010002420,L242
L298,298,391,LINEA 298,LA CABAÑA S.A.,30546224380,TRUE,PROV,U.P.A.,La Cabaña,,06010002980,L298
L317,317,917,LINEA 317 BS AS,LA CABAÑA S.A.,30546224380,TRUE,PROV,U.P.A.,La Cabaña,,06010003170,L317
L624LMZ,LM624,398,LINEA 624,LA CABAÑA S.A.,30546224380,TRUE,LA MATANZA,U.M.A.1.,La Cabaña,,06014276240,L624LMZ
L635MOR,MO635,918,LINEA 635 BS AS,LA CABAÑA S.A.,30546224380,FALSE,MORON,U.M.A.1.,La Cabaña,,06015686350,L635MOR
L112,112,122,LINEA 112,EXPRESO LOMAS S.A.,30546224690,TRUE,JN,S.G.I.,El Puente,,01010001120,L112
L165,165,128,LINEA 165,EXPRESO LOMAS S.A.,30546224690,TRUE,JN,S.G.I.,El Puente,,01010001650,L165
L243,243,390,LINEA 243,EXPRESO LOMAS S.A.,30546224690,FALSE,PROV,U.P.A.,El Puente,,06010002430,L243
L102,102,156,LINEA 102,TRANSP. SGTO. CABRAL,30546225204,FALSE,JN,D.F.,,,01010001020,L102
L078,78,90,LINEA 78,LOS CONSTITUYENTES S.A.T.,30546225751,TRUE,JN,S.G.I.,ARGOS,,01010000780,L078
L087,87,91,LINEA 87,LOS CONSTITUYENTES S.A.T.,30546225751,TRUE,JN,S.G.I.,ARGOS,,01010000870,L087
L111,111,93,LINEA 111,LOS CONSTITUYENTES S.A.T.,30546225751,TRUE,JN,S.G.I.,ARGOS,,01010001110,L111
L127,127,95,LINEA 127,LOS CONSTITUYENTES S.A.T.,30546225751,FALSE,JN,S.G.I.,ARGOS,,01010001270,L127
L256,256,433,LINEA 256,LA FLOR DE LUJAN SRL,30546226677,FALSE,PROV,U.P.A.M,,,06010002560,L256
L007,7,56,LINEA 7,TRANSP. AUTOMOTORES 12 DE OCTUBRE S.A.C.,30546227975,FALSE,JN,D.F.,DOTA,,01010000070,L007
L063,63,74,LINEA 63,BERNARDINO RIVADAVIA S.A.T.A.,30546228106,TRUE,JN,S.G.I.,Rivadavia,,01010000630,L063
L113,113,76,LINEA 113,BERNARDINO RIVADAVIA S.A.T.A.,30546228106,FALSE,JN,S.G.I.,Rivadavia,,01010001130,L113
L045,45,101,LINEA 45,MICROOMNIBUS CUARENTA Y CINCO S.A.C.I.F.,30546228270,TRUE,JN,S.G.I.,MO 45,,01010000450,L045
L154,154,125,LINEA 154,MICROOMNIBUS CUARENTA Y CINCO S.A.C.I.F.,30546228270,FALSE,JN,S.G.I.,MO 45,,01010001540,L154
L324,324,285,LINEA 324,MICRO OMNIBUS PRIMERA JUNTA S.A,30546228890,TRUE,PROV,U.P.A.,Primera Junta,,06010003240,L324
L501FVA,FV501,357,LINEA 501E,MICRO OMNIBUS PRIMERA JUNTA S.A,30546228890,TRUE,FLORENCIO VARELA,U.M.A.1.,Primera Junta,,06012745010,L501FVA
L504FVA,FV504,366,LINEA 504C,MICRO OMNIBUS PRIMERA JUNTA S.A,30546228890,TRUE,FLORENCIO VARELA,U.M.A.1.,Primera Junta,,06012745040,L504FVA
L583QUI,QU583,420,LINEA 583,MICRO OMNIBUS PRIMERA JUNTA S.A,30546228890,FALSE,QUILMES,U.M.A.1.,Primera Junta,,06016585830,L583QUI
L166,166,170,LINEA 166,EMPRESA LINEA 216 S.A.T.,30546228963,TRUE,JN,S.G.I.,Línea 216,,01010001660,L166
L236,236,233,LINEA 236,EMPRESA LINEA 216 S.A.T.,30546228963,TRUE,PROV,U.P.A.,L216,,06010002360,L236
L269,269,234,LINEA 269,EMPRESA LINEA 216 S.A.T.,30546228963,TRUE,PROV,U.P.A.,L216,,06010002690,L269
L395,395,235,LINEA 395,EMPRESA LINEA 216 S.A.T.,30546228963,TRUE,PROV,U.P.A.,L216,,06010003950,L395
L441,441,236,LINEA 441,EMPRESA LINEA 216 S.A.T.,30546228963,TRUE,PROV,U.P.A.,L216,,06010004410,L441
L443B,443B,237,LINEA 443,EMPRESA LINEA 216 S.A.T.,30546228963,TRUE,PROV,U.P.A.,L216,,06010004432,L443B
L504ITU,IT504,954,BSAS_LINEA_504_ITUZAINGO,EMPRESA LINEA 216 S.A.T.,30546228963,TRUE,ITUZAINGO,U.M.A.1.,L216,,06014105040,L504ITU
L504MLO,ME504,365,LINEA 504A,EMPRESA LINEA 216 S.A.T.,30546228963,TRUE,MERLO,U.M.A.1.,L216,,06015395040,L504MLO
L634MOR,MO634,232,LINEA 634,EMPRESA LINEA 216 S.A.T.,30546228963,FALSE,MORON,U.M.A.1.,L216,,06015686340,L634MOR
L012,12,41,LINEA 12,TRANSPORTES AUTOMOTORES CALLAO S.A.,30546229196,TRUE,JN,D.F.,Callao,,01010000120,L012
L124,124,621,LINEA 124,TRANSPORTES AUTOMOTORES CALLAO S.A.,30546229196,FALSE,JN,S.G.I.,Callao,,01010001240,L124
L096,96,117,LINEA 96,TRANSPORTE IDEAL SAN JUSTO S.A.,30546229641,TRUE,JN,S.G.I.,Ideal,,01010000960,L096
L185,185,139,LINEA 185,TRANSPORTE IDEAL SAN JUSTO S.A.,30546229641,TRUE,JN,S.G.I.,Ideal,,01010001850,L185
L205,205,297,LINEA 205,TRANSPORTE IDEAL SAN JUSTO S.A.,30546229641,TRUE,PROV,U.P.A.,Ideal,,06010002050,L205
L621LMZ,LM621,395,LINEA 621,TRANSPORTE IDEAL SAN JUSTO S.A.,30546229641,FALSE,LA MATANZA,U.M.A.1.,Ideal,,06014276210,L621LMZ
L289,289,193,LINEA 289,COMPAÑIA NOROESTE S.A.T.,30546230739,TRUE,PROV,U.P.A.,Noroeste,,06010002890,L289
L304,304,192,LINEA 304,COMPAÑIA NOROESTE S.A.T.,30546230739,TRUE,PROV,U.P.A.,Noroeste,,06010003040,L304
L343,343,191,LINEA 343,COMPAÑIA NOROESTE S.A.T.,30546230739,FALSE,PROV,U.P.A.,Noroeste,,06010003430,L343
L042,42,57,LINEA 42,TRANSPORTES COLEGIALES S.A.C.I.,30546231344,FALSE,JN,D.F.,,,01010000420,L042
L109,109,67,LINEA 109,TRANSPORTE NUEVE DE JULIO SAC.,30546231417,FALSE,JN,D.F.,,,01010001090,L109
L136,136,919,LINEA 136 BS AS,SARGENTO CABRAL S.A.DE TRANSPORTE,30546234173,TRUE,JN,S.G.I.,Nueva Metropol,,01010001360,L136
L163,163,920,LINEA 163 BS AS,SARGENTO CABRAL S.A.DE TRANSPORTE,30546234173,TRUE,JN,S.G.I.,Nueva Metropol,,01010001630,L163
L182,182,138,LINEA 182,SARGENTO CABRAL S.A.DE TRANSPORTE,30546234173,TRUE,JN,S.G.I.,Nueva Metropol,,01010001820,L182
L741JCP,JP741A,401,LINEA 741,SARGENTO CABRAL S.A.DE TRANSPORTE,30546234173,FALSE,JOSE C. PAZ,U.M.A.1.,Nueva Metropol,,06014127410,L741JCP
L307,307,238,LINEA 307,EMPRESA LINEA SIETE SAT,30546236532,FALSE,PROV,U.P.A.,EX Quilmes,,06010003070,L307
L039,39,146,LINEA 39,TRANSPORTES SANTA FE S.A.C.I.,30546241374,FALSE,JN,D.F.,,,01010000390,L039
L202,202,312,LINEA 202,TRANSPORTE LA UNION SA,30546242982,FALSE,PROV,U.P.A.,,,06010002020,L202
L106,106,66,LINEA 106,COLECTIVEROS UNIDOS S.A.,30546243970,FALSE,JN,D.F.,NUDO,,01010001060,L106
L032,32,86,LINEA 32A,EL PUENTE S.A.T.,30546246945,TRUE,JN,S.G.I.,El Puente,,01010000320,L032
L075,75,89,LINEA 75,EL PUENTE S.A.T.,30546246945,TRUE,JN,S.G.I.,El Puente,,01010000750,L075
L128,128,77,LINEA 128,EL PUENTE S.A.T.,30546246945,TRUE,JN,S.G.I.,El Puente,,01010001280,L128
L158,158,96,LINEA 158,EL PUENTE S.A.T.,30546246945,FALSE,JN,S.G.I.,El Puente,,01010001580,L158
L057,57,103,LINEA 57,TRANSPORTES ATLANTIDA S.A.C.,30546247003,TRUE,JN,S.G.II.,Atlántida,,01010000570,L057
L410,410,392,LINEA 410,TRANSPORTES ATLANTIDA S.A.C.,30546247003,TRUE,PROV,U.P.A.M,Atlántida,,06010004100,L410
L429,429,393,LINEA 429,TRANSPORTES ATLANTIDA S.A.C.,30546247003,TRUE,PROV,U.P.A.M,Atlántida,,06010004290,L429
L501MCD,LIN1,906,LINEA 001 MER,TRANSPORTES ATLANTIDA S.A.C.,30546247003,TRUE,MERCEDES,U.M.A.2.,Atlántida,No está SISTAU,06015325010,L501MCD
L502MCD,LIN2,907,LINEA 002 MER,TRANSPORTES ATLANTIDA S.A.C.,30546247003,FALSE,MERCEDES,U.M.A.2.,Atlántida,No está SISTAU,06015325020,
L110,110,68,LINEA 110,GENERAL PUEYRREDON S.A.T.C.I.,30546247240,FALSE,JN,S.G.I.,,,01010001100,L110
L215,215,243,LINEA 215,EMPRESA NUEVE DE JULIO S.A.T.,30546247860,TRUE,PROV,U.P.A.,Nueve de Julio,,06010002150,L215
L225,225,423,LINEA 225,EMPRESA NUEVE DE JULIO S.A.T.,30546247860,TRUE,PROV,U.P.A.,Nueve de Julio,,06010002250,L225
L414,414,437,LINEA 414,EMPRESA NUEVE DE JULIO S.A.T.,30546247860,TRUE,PROV,U.P.A.M,Nueve de Julio,,06010004140,L414
L504LPL,LP504,412,LINEA OESTE,EMPRESA NUEVE DE JULIO S.A.T.,30546247860,TRUE,LA PLATA,U.M.A.2.,Nueve de Julio,,06014415040,L504LPL
L508LPL,LP508,414,LINEA 508C,EMPRESA NUEVE DE JULIO S.A.T.,30546247860,TRUE,LA PLATA,U.M.A.2.,Nueve de Julio,,06014415080,L508LPL
L561LPL,LP561,416,LINEA 561B,EMPRESA NUEVE DE JULIO S.A.T.,30546247860,FALSE,LA PLATA,U.M.A.2.,Nueve de Julio,,06014415610,L561LPL
L239A,239A,195,LINEA 239A,COMPAÑÍA DE OMNIBUS 25 DE MAYO LINEA 278,30546250241,TRUE,PROV,U.P.A.,COVEMA,,06010002391,L239A
L278,278,196,LINEA 278,COMPAÑÍA DE OMNIBUS 25 DE MAYO LINEA 278,30546250241,TRUE,PROV,U.P.A.,COVEMA,,06010002780,L278
L281,281,197,LINEA 281,COMPAÑÍA DE OMNIBUS 25 DE MAYO LINEA 278,30546250241,TRUE,PROV,U.P.A.,COVEMA,,06010002810,L281
L293A,293A,198,LINEA 293B,COMPAÑÍA DE OMNIBUS 25 DE MAYO LINEA 278,30546250241,TRUE,PROV,U.P.A.,COVEMA,Letra de línea invertida en SUBE,06010002931,L293A
L323,323,199,LINEA 323,COMPAÑÍA DE OMNIBUS 25 DE MAYO LINEA 278,30546250241,TRUE,PROV,U.P.A.,COVEMA,,06010003230,L323
L585QUI,QU585,194,LINEA 585,COMPAÑÍA DE OMNIBUS 25 DE MAYO LINEA 278,30546250241,TRUE,QUILMES,U.M.A.1.,COVEMA,,06016585850,L585QUI
L586QUI,QU586,630,LINEA 586,COMPAÑÍA DE OMNIBUS 25 DE MAYO LINEA 278,30546250241,FALSE,QUILMES,U.M.A.1.,COVEMA,No está SISTAU,06016585860,L586QUI
L103,103,120,LINEA 103,TRANSPORTES QUIRNO COSTA S.A.C.I.,30546250489,FALSE,JN,S.G.I.,,,01010001030,L103
L184,184,71,LINEA 184,LA CENTRAL DE VICENTE LOPEZ S.A.,30546250551,FALSE,JN,S.G.I.,Misión Buenos Aires,,01010001840,L184
L021,21,84,LINEA 21,EMPRESA DE TRANSP. TTE. GRAL. ROCA S.A,30546250799,TRUE,JN,S.G.I.,DOTA,,01010000210,L021
L108,108,59,LINEA 108,EMPRESA DE TRANSP. TTE. GRAL. ROCA S.A,30546250799,FALSE,JN,D.F.,DOTA,,01010001080,L108
L214,214,324,LINEA 214,UNION PLATENSE SRL,30546252910,TRUE,PROV,U.P.A.,Unión Platense,,06010002140,L214
L273,273,330,LINEA 273,UNION PLATENSE SRL,30546252910,TRUE,PROV,U.P.A.,Unión Platense,,06010002730,L273
L418,418,331,LINEA 418,UNION PLATENSE SRL,30546252910,TRUE,PROV,U.P.A.M,Unión Platense,,06010004180,L418
L501LPL,LP501,510,NORTE MUNICIPAL,UNION PLATENSE SRL,30546252910,TRUE,LA PLATA,U.M.A.2.,Unión Platense,,06014415010,L501LPL
L502LPL,LP502,520,LINEA SUR MUNICIPAL,UNION PLATENSE SRL,30546252910,TRUE,LA PLATA,U.M.A.2.,Unión Platense,,06014415020,L502LPL
L520LPL,LP520,332,LINEA 520C,UNION PLATENSE SRL,30546252910,FALSE,LA PLATA,U.M.A.2.,Unión Platense,,06014415200,L520LPL
L085,85,110,LINEA 85,SOCIEDAD ANONIMA EXPRESO SUDOESTE,30546253216,FALSE,JN,S.G.I.,,,01010000850,L085
L180,180,137,LINEA 180,LA VECINAL DE MATANZA SACI. DE MICROOMNIBUS,30546253526,TRUE,JN,S.G.I.,Vecinal de Matanza,,01010001800,L180
L630LMZ,LM630,396,LINEA 630,LA VECINAL DE MATANZA SACI. DE MICROOMNIBUS,30546253526,FALSE,LA MATANZA,U.M.A.1.,Vecinal de Matanza,,06014276300,L630LMZ
L104,104,157,LINEA 104,EMPRESA DE TRANSPORTES 104 S.R.L.,30546253690,FALSE,JN,S.G.I.,Plaza,,01010001040,L104
L168,168,133,LINEA 168,EXPRESO SAN ISIDRO S.A.T.C.I.F.I.,30546254379,FALSE,JN,S.G.I.,SAN ISIDRO,,01010001680,L168
L283,283,185,LINEA 283,CIA ANDRADE EMPRESA DE TRANSPORTE DE PASAJEROS SRL,30546254514,TRUE,PROV,U.P.A.,Andrade,,06010002830,L283
L523LAN,LA523,184,LINEA 523,CIA ANDRADE EMPRESA DE TRANSPORTE DE PASAJEROS SRL,30546254514,FALSE,LANUS,U.M.A.1.,Andrade,,06014345230,L523LAN
L548LZA,LZ548,189,LINEA 548,EMPRESA MICROOMNIBUS LARROQUE LINEA 548 SRL,30546255057,FALSE,LOMAS DE ZAMORA,U.M.A.1.,,,06014905480,L548LZA
L181,181,97,LINEA 181,TTES.AUTOMOTORES DE PASAJEROS SIGLO XXI SA,30546260107,FALSE,JN,S.G.I.,Controlada 3,,01010001810,L181
L277,277,216,LINEA 277,CIA LA PAZ AMADOR MOURE SACIFIYA,30546296683,TRUE,PROV,U.P.A.,Autobuses,,06010002770,L277
L542LZA,LZ542,186,LINEA 542,CIA LA PAZ AMADOR MOURE SACIFIYA,30546296683,TRUE,LOMAS DE ZAMORA,U.M.A.1.,Autobuses,,06014905420,L542LZA
L551LZA,LZ551,187,LINEA 551,CIA LA PAZ AMADOR MOURE SACIFIYA,30546296683,FALSE,LOMAS DE ZAMORA,U.M.A.1.,Autobuses,,06014905510,L551LZA
L047,47,148,LINEA 47,LINEA DE MICROOMNIBUS 47 S.A.T.C.F.I.,30546304198,FALSE,JN,D.F.,Chicago,,01010000470,L047
L295,295,284,LINEA 295,MICRO OMNIBUS O´HIGGINS S.A.T.,30546319861,FALSE,PROV,U.P.A.,MO 45,,06010002950,L295
L088,88,114,LINEA 88,LINEA EXPRESO LINIERS S.A.I.Y C.,30546320339,TRUE,JN,S.G.II.,Ideal,,01010000880,L088
L502CAN,CÑ502,394,LINEA 502,LINEA EXPRESO LINIERS S.A.I.Y C.,30546320339,FALSE,CAÑUELAS,U.M.A.2.,Ideal,,06011345020,L502CAN
L238,238,323,LINEA 238,TRANSPORTES UNIDOS DE MERLO S.A.C.I.I.,30546320959,TRUE,PROV,U.P.A.,TUM,,06010002380,L238
L297,297,326,LINEA 297,TRANSPORTES UNIDOS DE MERLO S.A.C.I.I.,30546320959,TRUE,PROV,U.P.A.,TUM,,06010002970,L297
L500MLO,ME500,353,LINEA 500D,TRANSPORTES UNIDOS DE MERLO S.A.C.I.I.,30546320959,FALSE,MERLO,U.M.A.1.,TUM,,06015395000,L500MLO
L160,160,127,LINEA 160,MICRO OMNIBUS SUR S.A.C.,30546321181,FALSE,JN,S.G.I.,,,01010001600,L160
L015,15,142,LINEA 15,TRANSPORTES SUR-NOR C.I.S.A.,30546329654,FALSE,JN,S.G.I.,,,01010000150,L015
L245,245,241,LINEA 245,EMPRESA MONTE GRANDE S.A. LINEA 501,30546332965,TRUE,PROV,U.P.A.,Monte Grande,,06010002450,L245
L394,394,242,LINEA 394,EMPRESA MONTE GRANDE S.A. LINEA 501,30546332965,TRUE,PROV,U.P.A.,Monte Grande,,06010003940,L394
L501EEC,EE501,355,LINEA 501C,EMPRESA MONTE GRANDE S.A. LINEA 501,30546332965,FALSE,ESTEBAN ECHEVERRIA,U.M.A.1.,Monte Grande,,06012605010,L501EEC
L053,53,105,LINEA 53,LINEA 213 S.A. DE TRANSPORTE,30546333333,FALSE,JN,S.G.I.,,,01010000530,L053
L068,68,99,LINEA 68,TRANSPORTES SESENTA Y OCHO S.R.L.,30546335484,FALSE,JN,D.F.,,,01010000680,L068
L036,36,144,LINEA 36,EMPRESA DE TRANSP. MARIANO MORENO S.A.,30546335794,FALSE,JN,S.G.I.,Plaza,,01010000360,L036
L247,247,247,LINEA 247,EXPRESO NUEVE DE JULIO S.A.,30546336928,FALSE,PROV,U.P.A.,,,06010002470,L247
L080,80,154,LINEA 80,TRANSPORTES NUEVA CHICAGO C.I.S.A.,30546337088,FALSE,JN,S.G.I.,Chicago,,01010000800,L080
L029,29,143,LINEA 29,EMP.DE TRANSP. PEDRO DE MENDOZA C.I.S.A.,30546337150,FALSE,JN,S.G.I.,,,01010000290,L029
L059,59,107,LINEA 59,MICROOMNIBUS CIUDAD DE BS.AS. S.A.T.C.I,30546337398,FALSE,JN,S.G.I.,,,01010000590,L059
L095,95,155,LINEA 95,EMPRESA ANTARTIDA ARGENTINA S.A.T.,30546339374,FALSE,JN,S.G.I.,,,01010000950,L095
L067,67,108,LINEA 67,TRANSPORTES DEL TEJAR S.A.,30546339757,FALSE,JN,S.G.I.,,,01010000670,L067
L004,4,129,LINEA 4,TRANSPORTES SOL DE MAYO C.I.S.A.,30546340534,FALSE,JN,D.F.,Ideal,,01010000040,L004
L019,19,100,LINEA 19,MICROOMNIBUS SAAVEDRA S.A.T.A.C.I.,30546340607,TRUE,JN,S.G.I.,ERSA,,01010000190,L019
L153,153,923,LINEA 153 BS AS,MICROOMNIBUS SAAVEDRA S.A.T.A.C.I.,30546340607,TRUE,JN,S.G.I.,ERSA,,01010001530,L153
L253,253,921,LINEA 253 BS AS,MICROOMNIBUS SAAVEDRA S.A.T.A.C.I.,30546340607,TRUE,PROV,U.P.A.,ERSA,,06010002530,L253
L321,321,922,LINEA 321 BS AS,MICROOMNIBUS SAAVEDRA S.A.T.A.C.I.,30546340607,FALSE,PROV,U.P.A.,ERSA,,06010003210,L321
L024,24,85,LINEA 24,EMP.TRANSP.AUTOM.DE PASAJEROS S.A.C.I.F.,30546341077,FALSE,JN,S.G.I.,NUDO,,01010000240,L024
L071,71,65,LINEA 71,LINEA 71 S.A.,30546341212,FALSE,JN,S.G.I.,,,01010000710,L071
L126,126,161,LINEA 126,CARDENAS S.A. EMPRESA DE TRANSPORTES,30546343053,FALSE,JN,S.G.I.,,,01010001260,L126
L092,92,131,LINEA 92,EMP.DE TRANSP.MICROOMN.SAENZ PEÑA S.R.L.,30546343126,FALSE,JN,S.G.I.,,,01010000920,L092
L328,328,327,LINEA 328,TRANSPORTES VILLA BOSCH SAC el,30546343363,FALSE,PROV,U.P.A.,,,06010003280,L328
L020,20,73,LINEA 20,TRANSPORTE LARRAZABAL C.I.S.A.,30546344041,TRUE,JN,S.G.I.,DOTA,,01010000200,L020
L117,117,94,LINEA 117,TRANSPORTE LARRAZABAL C.I.S.A.,30546344041,TRUE,JN,S.G.I.,DOTA,,01010001170,L117
L161,161,80,LINEA 161,TRANSPORTE LARRAZABAL C.I.S.A.,30546344041,TRUE,JN,S.G.I.,DOTA,,01010001610,L161
L188,188,72,LINEA 188,TRANSPORTE LARRAZABAL C.I.S.A.,30546344041,TRUE,JN,S.G.I.,DOTA,,01010001880,L188
L421,421,403,LINEA 421,TRANSPORTE LARRAZABAL C.I.S.A.,30546344041,FALSE,PROV,U.P.A.,DOTA,,06010004210,L421
L333,333,624,LINEA 333,MICRO OMNIBUS GENERAL SAN MARTIN SAC,30546344734,TRUE,PROV,U.P.A.,San Martín,,06010003330,L333
L407,407,280,LINEA 407,MICRO OMNIBUS GENERAL SAN MARTIN SAC,30546344734,TRUE,PROV,U.P.A.,San Martín,,06010004070,L407
L437,437,281,LINEA 437,MICRO OMNIBUS GENERAL SAN MARTIN SAC,30546344734,TRUE,PROV,U.P.A.,San Martín,,06010004370,L437
L707SIS,SI707,278,LINEA 707,MICRO OMNIBUS GENERAL SAN MARTIN SAC,30546344734,FALSE,SAN ISIDRO,U.M.A.1.,San Martín,,06017567070,L707SIS
L070,70,109,LINEA 70,TRANSPORTES 270 S.A.,30546346710,FALSE,JN,S.G.I.,MO 45,,01010000700,L070
L169,169,81,LINEA 169,TRANSPORTE ESCALADA S.A.T.,30546350947,TRUE,JN,S.G.I.,Noroeste,,01010001690,L169
L175,175,82,LINEA 175,TRANSPORTE ESCALADA S.A.T.,30546350947,FALSE,JN,S.G.I.,Noroeste,,01010001750,L175
L257,257,254,LINEA 257,EXPRESO VILLA NUEVA S.A.,30546351005,TRUE,PROV,U.P.A.,Villa Nueva,,06010002570,L257
L580QUI,QU580,256,LINEA 580,EXPRESO VILLA NUEVA S.A.,30546351005,TRUE,QUILMES,U.M.A.1.,Villa Nueva,,06016585800,L580QUI
L582QUI,QU582,257,LINEA 582,EXPRESO VILLA NUEVA S.A.,30546351005,FALSE,QUILMES,U.M.A.1.,Villa Nueva,,06016585820,L582QUI
L354,354,315,LINEA 354,TRANSPORTES AUTOMOTORES LANUS ESTE S.A.,30546351315,FALSE,PROV,U.P.A.,,,06010003540,L354
L318,318,282,LINEA 318,MICRO OMNIBUS MITRE S.A.,30546365235,FALSE,PROV,U.P.A.,,,06010003180,L318
L118,118,159,LINEA 118,MICROOMNIBUS BARRANCAS DE BELGRANO S.A.,30546365782,FALSE,JN,D.F.,,,01010001180,L118
L314,314,265,LINEA 314,LA PRIMERA DE MARTINEZ S.A,30546365855,FALSE,PROV,U.P.A.,,,06010003140,L314
L037,37,145,LINEA 37,4 DE SEPTIEMBRE S.A.T.C.P.,30546366150,FALSE,JN,S.G.I.,,,01010000370,L037
L056,56,88,LINEA 56,TRANSPORTES LOPE DE VEGA S.A.C.I.,30546366460,TRUE,JN,S.G.I.,DOTA,,01010000560,L056
L076,76,43,LINEA 76,TRANSPORTES LOPE DE VEGA S.A.C.I.,30546366460,TRUE,JN,D.F.,DOTA,,01010000760,L076
L091,91,92,LINEA 91,TRANSPORTES LOPE DE VEGA S.A.C.I.,30546366460,TRUE,JN,S.G.I.,DOTA,,01010000910,L091
L135,135,44,LINEA 135,TRANSPORTES LOPE DE VEGA S.A.C.I.,30546366460,FALSE,JN,S.G.I.,DOTA,,01010001350,L135
L123,123,123,LINEA 123,TRANSPORTES LINEA 123 S.A.C.I.,30546367831,FALSE,JN,S.G.I.,Controlada 2,,01010001230,L123
L338,338,308,LINEA 338,TRANSPORTE AUTOMOTORES LA PLATA SA,30546414139,TRUE,PROV,U.P.A.M,TALSA,,06010003380,L338
L406,406,309,LINEA 406,TRANSPORTE AUTOMOTORES LA PLATA SA,30546414139,FALSE,PROV,U.P.A.,TALSA,,06010004060,L406
L218,218,173,LINEA 218,ALMAFUERTE EMPRESA DE TRANSPORTE S.A.C.I. E I,30546417960,TRUE,PROV,U.P.A.,Almafuerte,,06010002180,L218
L284,284,174,LINEA 284,ALMAFUERTE EMPRESA DE TRANSPORTE S.A.C.I. E I,30546417960,TRUE,PROV,U.P.A.,Almafuerte,,06010002840,L284
L325,325,175,LINEA 325,ALMAFUERTE EMPRESA DE TRANSPORTE S.A.C.I. E I,30546417960,TRUE,PROV,U.P.A.,Almafuerte,,06010003250,L325
L378,378,176,LINEA 378,ALMAFUERTE EMPRESA DE TRANSPORTE S.A.C.I. E I,30546417960,TRUE,PROV,U.P.A.,Almafuerte,,06010003780,L378
L622LMZ,LM622,177,LINEA 622,ALMAFUERTE EMPRESA DE TRANSPORTE S.A.C.I. E I,30546417960,TRUE,LA MATANZA,U.M.A.1.,Almafuerte,,06014276220,L622LMZ
L628LMZ,LM628,178,LINEA 628,ALMAFUERTE EMPRESA DE TRANSPORTE S.A.C.I. E I,30546417960,FALSE,LA MATANZA,U.M.A.1.,Almafuerte,,06014276280,L628LMZ
L405,405,273,LINEA 405,MICRO OMNIBUS AVENIDA S.A.,30546419254,TRUE,PROV,U.P.A.,GUIDO,,06010004050,L405
L520LAN,LA520,376,LINEA 520B,MICRO OMNIBUS AVENIDA S.A.,30546419254,FALSE,LANUS,U.M.A.1.,GUIDO,,06014345200,L520LAN
L721TIG,TI721,383,LINEA 721,MICRO OMNIBUS GRAL PACHECO SRL,30546419947,FALSE,TIGRE,U.M.A.2.,,,06018057210,L721TIG
L065,65,51,LINEA 65,LA NUEVA METROPOL S.A.,30546500086,TRUE,JN,D.F.,Nueva Metropol,,01010000650,L065
L194,194,55,LINEA 194,LA NUEVA METROPOL S.A.,30546500086,TRUE,JN,S.G.II.,Nueva Metropol,,01010001940,L194
L195,195,52,LINEA 195,LA NUEVA METROPOL S.A.,30546500086,TRUE,JN,S.G.II.,Nueva Metropol,,01010001950,L195
L228A,228A,405,LINEA 228A,LA NUEVA METROPOL S.A.,30546500086,TRUE,PROV,U.P.A.M,Nueva Metropol,,06010002281,L228A
L365,365,404,LINEA 365,LA NUEVA METROPOL S.A.,30546500086,FALSE,PROV,U.P.A.M,Nueva Metropol,,06010003650,L365
L237,237,619,LINEA 237,COMPAÑIA ISLEÑA S.R.L.,30546532743,TRUE,PROV,U.P.A.,Nueva Metropol,,06010002370,L237
L276,276A,188,LINEA 276,COMPAÑIA ISLEÑA S.R.L.,30546532743,TRUE,PROV,U.P.A.M,Nueva Metropol,,06010002760,L276
L310,310,805,LINEA 310,COMPAÑIA ISLEÑA S.R.L.,30546532743,TRUE,PROV,U.P.A.,Nueva Metropol,,06010003100,L310
L504ESC,ES504B,741,LINEA 504B,COMPAÑIA ISLEÑA S.R.L.,30546532743,TRUE,ESCOBAR,U.M.A.1.,Nueva Metropol,,06012525040,L504ESC
L507ESC,ES507,740,LINEA 507B,COMPAÑIA ISLEÑA S.R.L.,30546532743,TRUE,ESCOBAR,U.M.A.1.,Nueva Metropol,,06012525070,L507ESC
L670GSM,SM670,793,LINEA 670,COMPAÑIA ISLEÑA S.R.L.,30546532743,FALSE,GENERAL SAN MARTIN,U.M.A.1.,Nueva Metropol,,06013716700,L670GSM
L132,132,53,LINEA 132,NUEVOS RUMBOS S.A.T.A.C.I.F.I.,30546572079,FALSE,JN,D.F.,Nuevos Rumbos,,01010001320,L132
L105,105,121,LINEA 105,EMPRESA DE TRANSPORTES AMERICA S.A.C.I.,30546572907,FALSE,JN,S.G.I.,,,01010001050,L105
L002,2,141,LINEA 2,TRANPORTES VEINTIDOS DE SETIEMBRE S.A.C.,30546608634,FALSE,JN,S.G.I.,,,01010000020,L002
L228F,228F,339,LINEA 228F,LA CENTRAL DE ESCOBAR SA,30546615908,TRUE,PROV,U.P.A.M,Central Escobar,,06010002286,L228F
L291,291,261,LINEA 291,LA CENTRAL DE ESCOBAR SA,30546615908,TRUE,PROV,U.P.A.M,Central Escobar,,06010002910,L291
L520PIL,PL520,341,LINEA 520A,LA CENTRAL DE ESCOBAR SA,30546615908,FALSE,PILAR,U.M.A.2.,Central Escobar,,06016385200,L520PIL
L178,178,132,LINEA 178,COMPAÑIA MICROOMNIBUS LA COLORADA SACI,30546698773,TRUE,JN,S.G.I.,La Colorada,,01010001780,L178
L505FVA,FV505,459,LINEA 505 D,COMPAÑIA MICROOMNIBUS LA COLORADA SACI,30546698773,FALSE,FLORENCIO VARELA,U.M.A.1.,La Colorada,,06012745050,L505FVA
L152,152,70,LINEA 152,EMPRESA TANDILENSE S.A.C.I.F.I.Y DE S.,30546844230,FALSE,JN,S.G.I.,,,01010001520,L152
L222,222,245,LINEA 222,EXPRESO ESTEBAN ECHEVERRIA S.R.L.,30554845580,TRUE,PROV,U.P.A.,Echeverría,,06010002220,L222
L306,306,246,LINEA 306,EXPRESO ESTEBAN ECHEVERRIA S.R.L.,30554845580,FALSE,PROV,U.P.A.,Echeverría,,06010003060,L306
L244,244,220,LINEA 244,EMPRESA DEL OESTE SAT,30554847257,TRUE,PROV,U.P.A.,Del Oeste,,06010002440,L244
L302,302,221,LINEA 302,EMPRESA DEL OESTE SAT,30554847257,TRUE,PROV,U.P.A.,Del Oeste,,06010003020,L302
L303,303,222,LINEA 303,EMPRESA DEL OESTE SAT,30554847257,TRUE,PROV,U.P.A.,Del Oeste,,06010003030,L303
L320,320,223,LINEA 320,EMPRESA DEL OESTE SAT,30554847257,TRUE,PROV,U.P.A.,Del Oeste,,06010003200,L320
L390,390,224,LINEA 390,EMPRESA DEL OESTE SAT,30554847257,TRUE,PROV,U.P.A.,Del Oeste,,06010003900,L390
L443A,443A,438,LINEA 443A,EMPRESA DEL OESTE SAT,30554847257,TRUE,PROV,U.P.A.,Del Oeste,,06010004431,L443A
L461,461,225,LINEA 461,EMPRESA DEL OESTE SAT,30554847257,TRUE,PROV,U.P.A.,Del Oeste,,06010004610,L461
L462,462,226,LINEA 462,EMPRESA DEL OESTE SAT,30554847257,TRUE,PROV,U.P.A.,Del Oeste,,06010004620,L462
L463,463,227,LINEA 463,EMPRESA DEL OESTE SAT,30554847257,TRUE,PROV,U.P.A.,Del Oeste,,06010004630,L463
L464,464,228,LINEA 464,EMPRESA DEL OESTE SAT,30554847257,FALSE,PROV,U.P.A.,Del Oeste,,06010004640,L464
L005,5,36,LINEA 5,TRANSPORTES RIO GRANDE S.A.C.I.F.,30556654855,TRUE,JN,D.F.,DOTA,,01010000050,L005
L008,8,37,LINEA 8,TRANSPORTES RIO GRANDE S.A.C.I.F.,30556654855,TRUE,JN,S.G.I.,DOTA,,01010000080,L008
L023,23,40,LINEA 23,TRANSPORTES RIO GRANDE S.A.C.I.F.,30556654855,FALSE,JN,D.F.,DOTA,,01010000230,L023
L099,99,64,LINEA 99,TRANSPORTES 27 DE JUNIO S.A.C.I.F.,30557365504,FALSE,JN,D.F.,NUDO,,01010000990,L099
L315,315,263,LINEA 315,LA PRIMERA DE GRAND BOURG S.A.,30561900678,TRUE,PROV,U.P.A.,Rosario BUS,,06010003150,L315
L440,440,262,LINEA 440,LA PRIMERA DE GRAND BOURG S.A.,30561900678,TRUE,PROV,U.P.A.,Rosario BUS,,06010004400,L440
L740SMI,SM740,264,LINEA 740,LA PRIMERA DE GRAND BOURG S.A.,30561900678,FALSE,SAN MIGUEL,U.M.A.1.,Rosario BUS,,06017607400,L740SMI
L064,64,151,LINEA 64,VUELTA DE ROCHA S.A.T.C.I.,30567966859,FALSE,JN,D.F.,,,01010000640,L064
L017,17,61,LINEA 17,LINEA 17 S.A.,30568352560,FALSE,JN,S.G.I.,Línea 10/17,,01010000170,L017
L034,34,87,LINEA 34,JUAN B. JUSTO S.A.T.C.I.,30568445992,FALSE,JN,D.F.,,,01010000340,L034
L060,60,150,LINEA 60,MICRO OMNIBUS NORTE S.A.,30571537644,FALSE,JN,S.G.I.,Atlántida,,01010000600,L060
L022,22,63,LINEA 22,LINEA 22 S.A.,30571895362,FALSE,JN,S.G.I.,MOQSA,,01010000220,L022
L026,26,54,LINEA 26,17 DE AGOSTO S.A.,30571901966,FALSE,JN,D.F.,Nuevos Rumbos,,01010000260,L026
L010,10,60,LINEA 10,LINEA 10 S.A.,30571966995,FALSE,JN,S.G.I.,Línea 10/17,,01010000100,L010
L001,1,83,LINEA 1,TRANSPORTES SAN CAYETANO S.A.C.,30571969277,FALSE,JN,S.G.I.,,,1010000010,L001
L524LAN,LA524,212,LINEA 524,EMPRESA CINCO DE AGOSTO S.R.L.,30571970437,FALSE,LANUS,U.M.A.1.,MO 45,,06014345240,L524LAN
L521LAN,LA521,347,LINEA 521 A,MICRO OMNIBUS ESTE S.A,30580390524,TRUE,LANUS,U.M.A.1.,MOE,,06014345210,L521LAN
L526LAN,LA526,276,LINEA 526,MICRO OMNIBUS ESTE S.A,30580390524,FALSE,LANUS,U.M.A.1.,MOE,,06014345260,L526LAN
L341,341,248,LINEA 341,EXPRESO PARQUE EL LUCERO S.A. DE TRANSPORTES,30581847692,TRUE,PROV,U.P.A.,Lucero,,06010003410,L341
L379,379,249,LINEA 379,EXPRESO PARQUE EL LUCERO S.A. DE TRANSPORTES,30581847692,TRUE,PROV,U.P.A.,Lucero,,06010003790,L379
L391,391,250,LINEA 391,EXPRESO PARQUE EL LUCERO S.A. DE TRANSPORTES,30581847692,FALSE,PROV,U.P.A.,Lucero,,06010003910,L391
L061,61,112,LINEA 61,TRANSPORTE AUTOMOTOR PLAZA S.A.C.I.,30591126594,TRUE,JN,D.F.,Misión Buenos Aires,,01010000610,L061
L062,62,113,LINEA 62,TRANSPORTE AUTOMOTOR PLAZA S.A.C.I.,30591126594,TRUE,JN,D.F.,Misión Buenos Aires,,01010000620,L062
L114,114,158,LINEA 114,TRANSPORTE AUTOMOTOR PLAZA S.A.C.I.,30591126594,TRUE,JN,S.G.I.,Misión Buenos Aires,,01010001140,L114
L129,129,162,LINEA 129,TRANSPORTE AUTOMOTOR PLAZA S.A.C.I.,30591126594,TRUE,JN,S.G.II.,Misión Buenos Aires,,01010001290,L129
L133,133,163,LINEA 133,TRANSPORTE AUTOMOTOR PLAZA S.A.C.I.,30591126594,TRUE,JN,S.G.I.,Misión Buenos Aires,,01010001330,L133
L140,140,165,LINEA 140,TRANSPORTE AUTOMOTOR PLAZA S.A.C.I.,30591126594,TRUE,JN,S.G.I.,Misión Buenos Aires,,01010001400,L140
L143,143,167,LINEA 143,TRANSPORTE AUTOMOTOR PLAZA S.A.C.I.,30591126594,FALSE,JN,S.G.I.,Misión Buenos Aires,,01010001430,L143
L501PIL,PL501,354,LINEA 501B,EMPRESA TRANSPORTE TRATADO DEL PILAR S.R.L.,30605890918,FALSE,PILAR,U.M.A.2.,Central Escobar,,06016385010,L501PIL
L130,130,78,LINEA 130,TRANSPORTES AVENIDA BERNARDO ADER S.A.,30625488326,FALSE,JN,S.G.I.,ARGOS,,01010001300,L130
L264,264,181,LINEA 264,EMPRESA CIUDAD DE SAN FERNANDO SA,30638982338,TRUE,PROV,U.P.A.,San Fernando,,06010002640,L264
L371,371,182,LINEA 371,EMPRESA CIUDAD DE SAN FERNANDO SA,30638982338,TRUE,PROV,U.P.A.,San Fernando,,06010003710,L371
L445,445,183,LINEA 445,EMPRESA CIUDAD DE SAN FERNANDO SA,30638982338,TRUE,PROV,U.P.A.,San Fernando,,06010004450,L445
L710SFE,SF710,180,LINEA 710,EMPRESA CIUDAD DE SAN FERNANDO SA,30638982338,FALSE,SAN FERNANDO,U.M.A.1.,San Fernando,,06017497100,L710SFE
L515ABR,AB515,310,LINEA 515,TRANSPORTE DEL SUR S.R.L.,30647019834,FALSE,ALMIRANTE BROWN,U.M.A.1.,,,06010285150,L515ABR
L200,200,213,LINEA 200,EMPRESA DE TRANSPORTE DEL SUR SRL,30650800016,TRUE,PROV,U.P.A.,Del Sur,,06010002000,L200
L404,404,214,LINEA 404,EMPRESA DE TRANSPORTE DEL SUR SRL,30650800016,TRUE,PROV,U.P.A.,Del Sur,,06010004040,L404
L505ABR,AB505,1143,LINEA 505 AMBA ALMIRANTE BROWN,EMPRESA DE TRANSPORTE DEL SUR SRL,30650800016,TRUE,ALMIRANTE BROWN,U.M.A.1.,Del Sur,,06010285050,L505ABR
L506ABR,AB506,1144,LINEA 506 AMBA ALMIRANTE BROWN,EMPRESA DE TRANSPORTE DEL SUR SRL,30650800016,TRUE,ALMIRANTE BROWN,U.M.A.1.,Del Sur,,06010285060,L506ABR
L521ABR,AB521,1145,LINEA 521 AMBA ALMIRANTE BROWN,EMPRESA DE TRANSPORTE DEL SUR SRL,30650800016,FALSE,ALMIRANTE BROWN,U.M.A.1.,Del Sur,,06010285210,L521ABR
L449,449,217,LINEA 449,EMPRESA DE TRANSPORTES EL LITORAL S.A.,30655853533,TRUE,PROV,U.P.A.,El Litoral,,06010004490,L449
L749JCP,JP749,218,LINEA 749,EMPRESA DE TRANSPORTES EL LITORAL S.A.,30655853533,FALSE,JOSE C. PAZ,U.M.A.1.,El Litoral,,06014127490,L749JCP
L500ZAR,Z500-3,638,LINEA_500-503,COOPERATIVA DE TRABAJO 3 DE JULIO LIMITADA,30667645359,TRUE,ZARATE,U.M.A.2.,,,06018825000,L500ZAR
L505ZAR,Z505,833,LINEA 505C,COOPERATIVA DE TRABAJO 3 DE JULIO LIMITADA,30667645359,FALSE,ZARATE,U.M.A.2.,,Descripción de línea SUBE repetida. NO existe en SISTAU,06018825050,L505ZAR
L382,382,298,LINEA 382,NUEVO IDEAL S.A.,30680138717,TRUE,PROV,U.P.A.,Nuevo Ideal,,06010003820,L382
L620LMZ,LM620,296,LINEA 620,NUEVO IDEAL S.A.,30680138717,FALSE,LA MATANZA,U.M.A.1.,Nuevo Ideal,,06014276200,L620LMZ
L501ABR,AB501,211,LINEA 501 A,EMPRESA 501 SA,30685861794,FALSE,ALMIRANTE BROWN,U.M.A.1.,,,06010285010,L501ABR
L204A,204A,231,LINEA 204B,LINEA SESENTA SA,30686794713,TRUE,PROV,U.P.A.M,Línea Sesenta,Letra de línea invertida en SUBE,06010002041,L204A
L228B,228B,378,LINEA 228 B,LINEA SESENTA SA,30686794713,TRUE,PROV,U.P.A.M,Línea Sesenta,,06010002282,L228B
L430,430,272,LINEA 430,LINEA SESENTA SA,30686794713,TRUE,PROV,U.P.A.,Línea Sesenta,,06010004300,L430
L503ESC,ES503,362,LINEA 503 B,LINEA SESENTA SA,30686794713,TRUE,ESCOBAR,U.M.A.1.,Línea Sesenta,,06012525030,L503ESC
L509ESC,ES509,626,LINEA 509,LINEA SESENTA SA,30686794713,TRUE,ESCOBAR,U.M.A.1.,Línea Sesenta,Descripción de línea SUBE repetida,06012525090,L509ESC
L514ESC,ES514,627,LINEA 514,LINEA SESENTA SA,30686794713,FALSE,ESCOBAR,U.M.A.1.,Línea Sesenta,Descripción de línea SUBE repetida. NO existe en SISTAU,06012525140,L514ESC
L204B,204B,342,LINEA 204,MICRO OMNIBUS TIGRE S.A.,30692258335,TRUE,PROV,U.P.A.M,MOTSA,Letra de línea invertida en SUBE,06010002042,L204B
L228C,228C,379,LINEA 228C,MICRO OMNIBUS TIGRE S.A.,30692258335,TRUE,PROV,U.P.A.M,MOTSA,,06010002283,L228C
L228E,228E,629,LINEA 228E,MICRO OMNIBUS TIGRE S.A.,30692258335,TRUE,PROV,U.P.A.M,MOTSA,,06010002285,L228E
L505CAM,CA505,368,LINEA 505C,MICRO OMNIBUS TIGRE S.A.,30692258335,TRUE,CAMPANA,U.M.A.2.,MOTSA,Descripción de línea SUBE repetida,06011265050,L505CAM
L505ESC,ES505,206,LINEA 505E,MICRO OMNIBUS TIGRE S.A.,30692258335,TRUE,ESCOBAR,U.M.A.1.,MOTSA,,06012525050,L505ESC
L506ESC,ES506,369,LINEA 506B,MICRO OMNIBUS TIGRE S.A.,30692258335,TRUE,ESCOBAR,U.M.A.1.,MOTSA,,06012525060,L506ESC
L508ESC,ES508,345,LINEA 508A,MICRO OMNIBUS TIGRE S.A.,30692258335,TRUE,ESCOBAR,U.M.A.1.,MOTSA,,06012525080,L508ESC
L511ESC,ES511,343,LINEA 511A,MICRO OMNIBUS TIGRE S.A.,30692258335,TRUE,ESCOBAR,U.M.A.1.,MOTSA,,06012525110,L511ESC
L513ESC,ES513,344,LINEA 513A,MICRO OMNIBUS TIGRE S.A.,30692258335,TRUE,ESCOBAR,U.M.A.1.,MOTSA,,06012525130,L513ESC
L720TIG,TI720,294,LINEA 720,MICRO OMNIBUS TIGRE S.A.,30692258335,FALSE,TIGRE,U.M.A.2.,MOTSA,,06018057200,L720TIG
L518EZE,EZ518,230,LINEA 518,EMPRESA J.M. EZEIZA S.R.L.,30693059824,TRUE,EZEIZA,U.M.A.2.,Ezeiza,,06012705180,L518EZE
L532LZA,LZ532,229,LINEA 532,EMPRESA J.M. EZEIZA S.R.L.,30693059824,FALSE,LOMAS DE ZAMORA,U.M.A.1.,Ezeiza,,06014905320,L532LZA
L148,148,124,LINEA 148,EL NUEVO HALCON S.A.,30696385897,FALSE,JN,S.G.I.,MOQSA,,01010001480,L148
L046,46,102,LINEA 46,UNION TRANSPORTISTAS DE EMPRESAS SA,30699672838,FALSE,JN,S.G.I.,Controlada 1,,01010000460,L046
L031,31,489,LINEA 031,ROCARAZA S.A.,30700876426,TRUE,JN,S.G.I.,DOTA,,01010000310,L031
L146,146,69,LINEA 146,ROCARAZA S.A.,30700876426,FALSE,JN,S.G.I.,DOTA,,01010001460,L146
L179,179,136,LINEA 179,GRUPO LINEA 179 S.A.,30702285131,FALSE,JN,S.G.I.,MO 45,,01010001790,L179
L086,86,111,LINEA 86,D.U.V.I. SOCIEDAD ANONIMA,30703953960,TRUE,JN,S.G.I.,Ideal,,01010000860,L086
L193,193,140,LINEA 193,D.U.V.I. SOCIEDAD ANONIMA,30703953960,FALSE,JN,S.G.I.,Ideal,,01010001930,L193
L097,97,118,LINEA 97,BUS DEL OESTE S.A.,30705549113,FALSE,JN,S.G.I.,Ideal,,01010000970,L097
L503ALPL,LP503A,865,LINEA 503 ESTE,EXPRESO LA PLATA BUENOS AIRES S.A.,30707299041,TRUE,LA PLATA,U.M.A.2.,Unión Platense,,06014415031,L503ALPL
L518LPL,LP518,864,LINEA 518 LA PLATA,EXPRESO LA PLATA BUENOS AIRES S.A.,30707299041,FALSE,LA PLATA,U.M.A.2.,Unión Platense,,06014415180,L518LPL
L510PIL,PL510,255,LINEA 510B,PILAR BUS S.A,30707437789,FALSE,PILAR,U.M.A.2.,Nueva Metropol,,06016385100,L510PIL
L313,313,300,LINEA 313,RUTA BUS S.A.,30707902899,TRUE,PROV,U.P.A.M,Noroeste,,06010003130,L313
L350,350,301,LINEA 350,RUTA BUS S.A.,30707902899,TRUE,PROV,U.P.A.M,Noroeste,,06010003500,L350
L355,355,303,LINEA 355,RUTA BUS S.A.,30707902899,TRUE,PROV,U.P.A.M,Noroeste,,06010003550,L355
L501ECC,EC501,360,LINEA 501H,RUTA BUS S.A.,30707902899,TRUE,EXALTACION DE LA CRUZ,U.M.A.2.,Noroeste,,06012665010,L501ECC
L511PIL,PL511,321,LINEA 511B,RUTA BUS S.A.,30707902899,FALSE,PILAR,U.M.A.2.,Noroeste,,06016385110,L511PIL
L522LAN,LA522,387,LINEA 522,EL URBANO SRL,30708058986,TRUE,LANUS,U.M.A.1.,MO 45,,06014345220,L522LAN
L527LAN,LA527,388,LINEA 527,EL URBANO SRL,30708058986,FALSE,LANUS,U.M.A.1.,MO 45,,06014345270,L527LAN
L049,49,104,LINEA 49,BUENOS AIRES BUS SOCIEDAD ANONIMA,30708188197,FALSE,JN,S.G.I.,Ideal,,01010000490,L049
L500LUJ,LU500,352,LINEA 500C,TRANSPORTE 11 DE JUNIO S.R.L.,30708548932,TRUE,LUJAN,U.M.A.2.,11 de Junio,,06014975000,L500LUJ
L501LUJ,LU501,358,LINEA 501F,TRANSPORTE 11 DE JUNIO S.R.L.,30708548932,TRUE,LUJAN,U.M.A.2.,11 de Junio,,06014975010,L501LUJ
L502LUJ,LU502,340,LINEA 502B,TRANSPORTE 11 DE JUNIO S.R.L.,30708548932,TRUE,LUJAN,U.M.A.2.,11 de Junio,,06014975020,L502LUJ
L503LUJ,LU503,524,LINEA 503,TRANSPORTE 11 DE JUNIO S.R.L.,30708548932,FALSE,LUJAN,U.M.A.2.,11 de Junio,Descripción de línea SUBE repetida,06014975030,L503LUJ
L541LZA,LZ541,251,LINEA 541,YITOS S.A.,30709494542,TRUE,LOMAS DE ZAMORA,U.M.A.1.,Yitos,,06014905410,L541LZA
L543LZA,LZ543,270,LINEA 543,YITOS S.A.,30709494542,TRUE,LOMAS DE ZAMORA,U.M.A.1.,Yitos,,06014905430,L543LZA
L544LZA,LZ544,271,LINEA 544,YITOS S.A.,30709494542,TRUE,LOMAS DE ZAMORA,U.M.A.1.,Yitos,,06014905440,L544LZA
L549LZA,LZ549,1135,LINEA 549,YITOS S.A.,30709494542,TRUE,LOMAS DE ZAMORA,U.M.A.1.,Yitos,,06014905490,L549LZA
L561LZA,LZ561,522,LINEA 561,YITOS S.A.,30709494542,TRUE,LOMAS DE ZAMORA,U.M.A.1.,Yitos,,06014905610,L561LZA
L562LZA,LZ562,523,LINEA 562,YITOS S.A.,30709494542,FALSE,LOMAS DE ZAMORA,U.M.A.1.,Yitos,,06014905620,L562LZA
L093,93,116,LINEA 93,TRANSPORTES 1º SEPTIEMBRE S.A.,30709868299,FALSE,JN,S.G.I.,Controlada 4,,01010000930,L093
L500BRA,BR500,351,LINEA 500B,EMPRESA DE TRANSPORTES SANTA RITA SRL,30709869511,FALSE,BRANDSEN,U.M.A.2.,,,06011195000,L500BRA
L506PIL,PL506,334,LINEA 506A,EMRESA MONTERREY S.R.L.,30710092652,FALSE,PILAR,U.M.A.2.,,,06016385060,L506PIL
L723TIG,TI723,346,LINEA 723,UTENOR LINEA 723 UNION TRANSITORIA DE EMPRESAS,30710988915,FALSE,TIGRE,U.M.A.2.,UTENOR,,06018057230,L723TIG
L501MAR,MA501,432,LINEA 501I,LA PRIMERA DE MALVINAS ARGENTINAS UTE,30711361584,FALSE,MALVINAS ARGENTINAS,U.M.A.1.,Lucero,,06015155010,L501MAR
L503PIL,PL503,462,LINEA 503H (RIVAS),SERGIO A. RIVAS S.R.L,30711403422,FALSE,PILAR,U.M.A.2.,Central Escobar,,06016385030,L503PIL
L509PIL,PL509,461,LINEA 509,LA PRIMERA DE LA ESCONDIDA SRL,30711422613,FALSE,PILAR,U.M.A.2.,Central Escobar,Descripción de línea SUBE repetida,06016385090,L509PIL
L501CAM,CAZ1,463,LINEA SIN NUMERO (COOP 6 DE JULIO),COOPERATIVA DE TRABAJO 6 DE JULIO LIMITADA,30711583285,FALSE,CAMPANA,U.M.A.2.,,,06011265010,L501CAM
L722TIG,TI722,517,LINEA 722,UTENOR SA L 722,30712542159,FALSE,TIGRE,U.M.A.2.,UTENOR,,06018057220,L722TIG
L503BLPL,LP503B,863,LINEA 503 ESTE LA PLATA,MICROEXPRES S.A.,30715011820,FALSE,LA PLATA,U.M.A.2.,Nueve de Julio,,06014415032,L503BLPL
L540LZA,LZ540,928,LINEA 540 BSAS,AUTOBUSES BUENOS AIRES SRL,30715215809,TRUE,LOMAS DE ZAMORA,U.M.A.1.,Autobuses,,06014905400,L540LZA
L550LZA,LZ550,929,LINEA 550 BSAS,AUTOBUSES BUENOS AIRES SRL,30715215809,TRUE,LOMAS DE ZAMORA,U.M.A.1.,Autobuses,,06014905500,L550LZA
L552LZA,LZ552,930,LINEA 552 BSAS,AUTOBUSES BUENOS AIRES SRL,30715215809,TRUE,LOMAS DE ZAMORA,U.M.A.1.,Autobuses,,06014905520,L552LZA
L553LZA,LZ553,931,LINEA 553 BSAS,AUTOBUSES BUENOS AIRES SRL,30715215809,FALSE,LOMAS DE ZAMORA,U.M.A.1.,Autobuses,,06014905530,L553LZA
L055,55,106,LINEA 55,ALMAFUERTE S.A.T.A.C.I.,33545684409,FALSE,JN,S.G.I.,La Cabaña,,01010000550,L055
L252,252,311,LINEA 252,TRANSPORTE JOSE HERNANDEZ S.A.C.I.,33546255439,FALSE,PROV,U.P.A.,,,06010002520,L252
L041,41,147,LINEA 41,AZUL S.A. DE TRANSPORTE AUTOMOTOR,33546259639,TRUE,JN,S.G.I.,Rosario BUS,,01010000410,L041
L203,203,179,LINEA 203,AZUL S.A. DE TRANSPORTE AUTOMOTOR,33546259639,FALSE,PROV,U.P.A.M,Rosario BUS,,06010002030,L203
L033,33,130,LINEA 33,TRANSPORTES ALMIRANTE BROWN S.A.,33546261889,FALSE,JN,S.G.I.,MO 45,,01010000330,L033
L028,28,50,LINEA 28,D.O.T.A. S.A. DE TRANSPORTE AUTOMOTOR,33546339829,TRUE,JN,S.G.I.,DOTA,,01010000280,L028
L044,44,42,LINEA 44,D.O.T.A. S.A. DE TRANSPORTE AUTOMOTOR,33546339829,TRUE,JN,D.F.,DOTA,,01010000440,L044
L101,101,34,LINEA 101,D.O.T.A. S.A. DE TRANSPORTE AUTOMOTOR,33546339829,FALSE,JN,S.G.I.,DOTA,,01010001010,L101
L239B,239B,380,LINEA 239B,EXPRESO VILLA GALICIA  SAN JOSE S.A.,33546345659,TRUE,PROV,U.P.A.,Galicia San José,,06010002392,L239B
L263B,263B,338,LINEA 263A,EXPRESO VILLA GALICIA  SAN JOSE S.A.,33546345659,TRUE,PROV,U.P.A.,Galicia San José,Letra de línea invertida en SUBE,06010002632,L263B
L266,266,253,LINEA 266,EXPRESO VILLA GALICIA  SAN JOSE S.A.,33546345659,TRUE,PROV,U.P.A.,Galicia San José,,06010002660,L266
L293B,293B,381,LINEA 293A,EXPRESO VILLA GALICIA  SAN JOSE S.A.,33546345659,TRUE,PROV,U.P.A.,Galicia San José,Letra de línea invertida en SUBE,06010002932,L293B
L436,436,252,LINEA 436,EXPRESO VILLA GALICIA  SAN JOSE S.A.,33546345659,TRUE,PROV,U.P.A.,Galicia San José,,06010004360,L436
L510ABR,AB510,337,LINEA 510A,EXPRESO VILLA GALICIA  SAN JOSE S.A.,33546345659,TRUE,ALMIRANTE BROWN,U.M.A.1.,Galicia San José,,06010285100,L510ABR
L564LZA,LZ564,275,LINEA 564,EXPRESO VILLA GALICIA  SAN JOSE S.A.,33546345659,FALSE,LOMAS DE ZAMORA,U.M.A.1.,Galicia San José,,06014905640,L564LZA
L288,288,316,LINEA 288,TRANSPORTES LA PERLITA S.A.,33546349549,TRUE,PROV,U.P.A.,La Perlita,,06010002880,L288
L311,311,317,LINEA 311,TRANSPORTES LA PERLITA S.A.,33546349549,TRUE,PROV,U.P.A.,La Perlita,,06010003110,L311
L312,312,318,LINEA 312,TRANSPORTES LA PERLITA S.A.,33546349549,TRUE,PROV,U.P.A.,La Perlita,,06010003120,L312
L329,329,319,LINEA 329,TRANSPORTES LA PERLITA S.A.,33546349549,TRUE,PROV,U.P.A.,La Perlita,,06010003290,L329
L422,422,320,LINEA 422,TRANSPORTES LA PERLITA S.A.,33546349549,TRUE,PROV,U.P.A.,La Perlita,,06010004220,L422
L500GRO,GR500,519,LINEA 500G,TRANSPORTES LA PERLITA S.A.,33546349549,TRUE,GENERAL RODRIGUEZ,U.M.A.2.,La Perlita,,06013645000,L500GRO
L501MNO,MO501,359,LINEA 501G,TRANSPORTES LA PERLITA S.A.,33546349549,FALSE,MORENO,U.M.A.1.,La Perlita,,06015605010,L501MNO
L322,322,924,LINEA 322 BS AS,LIBERTADOR SAN MARTIN SAT,33546350709,TRUE,PROV,U.P.A.,Nueva Metropol,,06010003220,L322
L327,327,267,LINEA 327,LIBERTADOR SAN MARTIN SAT,33546350709,TRUE,PROV,U.P.A.,Nueva Metropol,,06010003270,L327
L336,336,268,LINEA 336,LIBERTADOR SAN MARTIN SAT,33546350709,TRUE,PROV,U.P.A.,Nueva Metropol,,06010003360,L336
L392,392,269,LINEA 392,LIBERTADOR SAN MARTIN SAT,33546350709,FALSE,PROV,U.P.A.,Nueva Metropol,,06010003920,L392
L141,141,166,LINEA 141,MAYO S.A.T.A.,33546355689,FALSE,JN,S.G.I.,Plaza,,01010001410,L141
L009,9,62,LINEA 9,GENERAL TOMAS GUIDO S.A.C.I.F.,33546610719,TRUE,JN,S.G.I.,GUIDO,,01010000090,L009
L025,25,48,LINEA 25,GENERAL TOMAS GUIDO S.A.C.I.F.,33546610719,TRUE,JN,D.F.,GUIDO,,01010000250,L025
L084,84,49,LINEA 84,GENERAL TOMAS GUIDO S.A.C.I.F.,33546610719,TRUE,JN,D.F.,GUIDO,,01010000840,L084
L271,271,408,LINEA 271,GENERAL TOMAS GUIDO S.A.C.I.F.,33546610719,TRUE,PROV,U.P.A.,GUIDO,,06010002710,L271
L299,299,406,LINEA 299,GENERAL TOMAS GUIDO S.A.C.I.F.,33546610719,TRUE,PROV,U.P.A.,GUIDO,,06010002990,L299
L373,373,409,LINEA 373,GENERAL TOMAS GUIDO S.A.C.I.F.,33546610719,TRUE,PROV,U.P.A.,GUIDO,,06010003730,L373
L384,384,410,LINEA 384,GENERAL TOMAS GUIDO S.A.C.I.F.,33546610719,TRUE,PROV,U.P.A.,GUIDO,,06010003840,L384
L570AVE,AV570,407,LINEA 570,GENERAL TOMAS GUIDO S.A.C.I.F.,33546610719,FALSE,AVELLANEDA,U.M.A.1.,GUIDO,,06010355700,L570AVE
L383,383,535,LINEA 383,TRANSPORTES SAN JUAN BAUTISTA S.A.,33568155829,TRUE,PROV,U.P.A.,MOQSA,,06010003830,L383
L500FVA,FV500,526,LINEA 500H,TRANSPORTES SAN JUAN BAUTISTA S.A.,33568155829,TRUE,FLORENCIO VARELA,U.M.A.1.,MOQSA,,06012745000,L500FVA
L503FVA,FV503,527,LINEA 503,TRANSPORTES SAN JUAN BAUTISTA S.A.,33568155829,TRUE,FLORENCIO VARELA,U.M.A.1.,MOQSA,Descripción de línea SUBE repetida,06012745030,L503FVA
L506FVA,FV506,528,LINEA 506,TRANSPORTES SAN JUAN BAUTISTA S.A.,33568155829,TRUE,FLORENCIO VARELA,U.M.A.1.,MOQSA,,06012745060,L506FVA
L507FVA,FV507,529,LINEA 507,TRANSPORTES SAN JUAN BAUTISTA S.A.,33568155829,TRUE,FLORENCIO VARELA,U.M.A.1.,MOQSA,,06012745070,L507FVA
L508FVA,FV508,530,LINEA 508,TRANSPORTES SAN JUAN BAUTISTA S.A.,33568155829,TRUE,FLORENCIO VARELA,U.M.A.1.,MOQSA,,06012745080,L508FVA
L509FVA,FV509,531,LINEA 509C,TRANSPORTES SAN JUAN BAUTISTA S.A.,33568155829,TRUE,FLORENCIO VARELA,U.M.A.1.,MOQSA,,06012745090,L509FVA
L511FVA,FV511,532,LINEA 511,TRANSPORTES SAN JUAN BAUTISTA S.A.,33568155829,TRUE,FLORENCIO VARELA,U.M.A.1.,MOQSA,,06012745110,L511FVA
L512FVA,FV512,533,LINEA 512,TRANSPORTES SAN JUAN BAUTISTA S.A.,33568155829,TRUE,FLORENCIO VARELA,U.M.A.1.,MOQSA,,06012745120,L512FVA
L513FVA,FV513,534,LINEA 513,TRANSPORTES SAN JUAN BAUTISTA S.A.,33568155829,FALSE,FLORENCIO VARELA,U.M.A.1.,MOQSA,No está SISTAU,06012745130,L513FVA
L514ABR,AB514,386,LINEA 514,EXPRESO ARSENO SRL,33620745559,FALSE,ALMIRANTE BROWN,U.M.A.1.,,Descripción de línea SUBE repetida,06010285140,L514ABR
L501LOB,LO501,356,LINEA 501D,EXPRESO EMPALME LOBOS S.R.L.,33628540859,TRUE,LOBOS,U.M.A.2.,,,06014835010,L501LOB
L502LOB,LO502,335,LINEA 502A,EXPRESO EMPALME LOBOS S.R.L.,33628540859,FALSE,LOBOS,U.M.A.2.,,,06014835020,L502LOB
L006,6,39,LINEA 6,NUDO S.A.,33702234269,TRUE,JN,D.F.,NUDO,,01010000060,L006
L050,50,35,LINEA 50,NUDO S.A.,33702234269,TRUE,JN,D.F.,NUDO,,01010000500,L050
L107,107,58,LINEA 107,NUDO S.A.,33702234269,TRUE,JN,D.F.,NUDO,,01010001070,L107
L150,150,45,LINEA 150,NUDO S.A.,33702234269,FALSE,JN,S.G.I.,NUDO,,01010001500,L150
L503MLO,ME503,925,LINEA 503A BS AS,UNION TRANSITORIA COSA CIA TRANSPORTE VECINAL U.T,33715282009,FALSE,MERLO,U.M.A.1.,COSA,,06015395030,L503MLO